IncidentID,AgencyORI,AgencyName,IncidentStatusDesc,County,RdwyNumber,Street,RoadwayName,StreetSfx,StreetDir,IntersectionRdwy,IntersectionRdwyName,BetweenStRdwy1,BetweenStRdwyName1,BetweenStRdwy2,BetweenStRdwyName2,Latitude,Longitude,Milepoint,CollisionDate,CollisionTime,UnitsInvolved,MotorVehiclesInvolved,NumberKilled,NumberInjured,Weather,RdwyConditionCode,HitandRun,DirAnalysisCode,MannerofCollision,RdwyCharacter,LightCondition,RampFromRdwyId,RampToRdwyId,AcceptedDate,IsSecondaryCollision,OwnerBadge,IncidentStatus,
33431393,0568000,LOUISVILLE METRO POLICE DEPT,Accepted,JEFFERSON,I 0265,,I265 N,,,,,,,,,38.310955481,-85.574672475,34.243,6/25/2024 12:00:00 AM,0800,2,2,0,0,CLEAR,DRY,False,SIDESWIPE COLLISION - SAME DIRECTION,SIDESWIPE-SAME DIRECTION,STRAIGHT & LEVEL,DAYLIGHT,,,6/26/2024 6:54:40 AM,False,7316,Accepted,
33430979,0250000,CLARK COUNTY SHERIFF DEPT.,Accepted,CLARK,I 0064,,I64 W,,,,,,,,,38.036235302,-84.077009416,101.826,6/25/2024 12:00:00 AM,0948,2,2,0,0,CLEAR,DRY,False,REAR END IN TRAFFIC LANES BOTH VEHICLES MOVING,REAR END,STRAIGHT & LEVEL,DAYLIGHT,,,6/26/2024 3:32:01 AM,False,626,Accepted,
33425916,0340200,LEXINGTON POLICE DEPARTMENT,Accepted,FAYETTE,US0068,,HARRODSBURG,RD,,,,,WELLINGTON,US0068,US68 CROSSOVER,38.004990450,-84.567104582,1.994,6/24/2024 12:00:00 AM,1442,4,4,0,0,CLEAR,DRY,False,REAR END IN TRAFFIC LANES BOTH VEHICLES MOVING,REAR END,STRAIGHT & LEVEL,DAYLIGHT,,,6/25/2024 1:47:56 AM,False,54250,Accepted,
33424176,0180000,CALLOWAY COUNTY SHERIFF DEPT.,Accepted,CALLOWAY,KY0121,,KY121,,N,,,,,,,36.622808728,-88.334506557,15.104,6/24/2024 12:00:00 AM,1207,3,3,0,1,CLEAR,DRY,False,REAR END IN TRAFFIC LANES BOTH VEHICLES MOVING,REAR END,STRAIGHT & LEVEL,DAYLIGHT,,,6/24/2024 4:12:27 PM,False,23,Accepted,
33429942,0150100,SHEPHERDSVILLE POLICE DEPT.,Accepted,BULLITT,KY0480,,CEDAR GROVE,RD,,KY6318,BUFFALO RUN,,,,,37.978628608,-85.693328907,1.166,6/24/2024 12:00:00 AM,1427,2,2,0,0,CLEAR,DRY,False,SIDESWIPE-SAME DIRECTION,SIDESWIPE-SAME DIRECTION,STRAIGHT & LEVEL,DAYLIGHT,,,6/25/2024 8:24:31 PM,False,048,Accepted,
33429757,0700000,LIVINGSTON COUNTY SHERIFF DEPT,Accepted,LIVINGSTON,I 0024,,I24 WB,,,,,,,,,37.027642009,-88.284239186,29.489,6/24/2024 12:00:00 AM,1120,2,2,0,0,CLEAR,DRY,False,REAR END IN TRAFFIC LANES BOTH VEHICLES MOVING,REAR END,STRAIGHT & GRADE,DAYLIGHT,,,6/25/2024 7:08:13 PM,False,16,Accepted,
33427757,0510100,HENDERSON POLICE DEPARTMENT,Accepted,HENDERSON,US0041,,US HWY 41 N,,,,,,,,,37.832617624,-87.565425713,0.183,6/24/2024 12:00:00 AM,1205,1,1,0,0,CLEAR,DRY,False,OTHER RAMP RELATED COLLISIONS NOT LISTED ABOVE,SINGLE VEHICLE,CURVE & HILLCREST,DAYLIGHT,KY0351,US0041,6/25/2024 11:00:07 AM,False,82,Accepted,
33419922,0340200,LEXINGTON POLICE DEPARTMENT,Accepted,FAYETTE,KY0418,5360,ATHENS BOONESBORO,RD,,,,,,,,37.964179489,-84.391519014,2.370,6/23/2024 12:00:00 AM,1500,2,2,0,1,CLOUDY,DRY,False,OTHER ROADWAY OR MID-BLOCK COLLISION,OPPOSING LEFT TURN,STRAIGHT & GRADE,DAYLIGHT,,,6/23/2024 7:31:25 PM,False,62974,Accepted,
33433119,0790000,MARSHALL COUNTY SHERIFF DEPT.,Accepted,MARSHALL,I 0024,,I24 E,,,,,,,,,37.014730974,-88.306763136,27.898,6/23/2024 12:00:00 AM,0944,3,3,0,0,RAINING,WET,False,OTHER ROADWAY OR MID-BLOCK COLLISION,REAR END,STRAIGHT & LEVEL,DAYLIGHT,,,6/26/2024 2:22:04 PM,False,19,Accepted,
33421772,0568000,LOUISVILLE METRO POLICE DEPT,Accepted,JEFFERSON,I 0064,,I64 E,,,,,,,,,38.274918876,-85.815405671,0.648,6/22/2024 12:00:00 AM,1306,1,1,0,0,CLEAR,DRY,False,COLLISION WITH NON-FIXED OBJECT ,SINGLE VEHICLE,STRAIGHT & LEVEL,DAYLIGHT,,,6/24/2024 7:52:17 AM,False,5282,Accepted,
33425027,KSP0100,KY STATE POLICE POST 01,Accepted,LIVINGSTON,I 0024,,I24 W,,,,,,,,,37.059814584,-88.219114394,33.812,6/22/2024 12:00:00 AM,1549,2,2,0,0,CLEAR,DRY,False,OTHER ROADWAY OR MID-BLOCK COLLISION,REAR END,STRAIGHT & LEVEL,DAYLIGHT,,,6/24/2024 8:41:49 PM,False,440,Accepted,
33424842,1060900,SIMPSONVILLE POLICE DEPARTMENT,Accepted,SHELBY,I 0064,,I64 WB,,,,,,,,,38.207675303,-85.346622580,27.593,6/21/2024 12:00:00 AM,1544,3,3,0,4,CLEAR,DRY,False,OTHER ROADWAY OR MID-BLOCK COLLISION,REAR END,STRAIGHT & LEVEL,DAYLIGHT,,,6/24/2024 7:10:17 PM,False,1125,Accepted,
33412772,0080000,BOONE COUNTY SHERIFF DEPT.,Accepted,BOONE,KY0236,1100,DONALDSON,HWY,,,,,,,,39.036120216,-84.630073757,0.763,6/21/2024 12:00:00 AM,0724,2,2,0,0,CLEAR,DRY,False,OTHER ROADWAY OR MID-BLOCK COLLISION,REAR END,STRAIGHT & LEVEL,DAYLIGHT,,,6/21/2024 10:02:48 AM,False,3528,Accepted,
33420201,0540100,MADISONVILLE POLICE DEPT.,Accepted,HOPKINS,I 0069,106,I69 S,,,,,,,,,37.227715206,-87.444924134,107.139,6/21/2024 12:00:00 AM,1821,2,2,0,0,CLEAR,DRY,False,REAR END IN TRAFFIC LANES BOTH VEHICLES MOVING,REAR END,STRAIGHT & GRADE,DAYLIGHT,,,6/23/2024 9:17:03 PM,False,26,Accepted,
33421367,0540000,HOPKINS COUNTY SHERIFF DEPT.,Accepted,HOPKINS,I 0069,,I69 S,,,,,I 0069,I69 S EXIT106 OFF RAMP,I 0069,I69 TURN AROUND108,37.242368192,-87.448222124,108.180,6/21/2024 12:00:00 AM,1700,2,2,0,0,CLEAR,DRY,False,REAR END IN TRAFFIC LANES BOTH VEHICLES MOVING,REAR END,STRAIGHT & HILLCREST,DAYLIGHT,,,6/24/2024 6:00:57 AM,False,314,Accepted,
33416164,0150000,BULLITT COUNTY SHERIFF DEPT.,Accepted,BULLITT,I 0065,,I65 N,,,,,,,,,37.884644029,-85.699367089,108.856,6/21/2024 12:00:00 AM,1401,4,4,0,0,CLOUDY,DRY,False,REAR END IN TRAFFIC LANES BOTH VEHICLES MOVING,REAR END,STRAIGHT & LEVEL,DAYLIGHT,,,6/22/2024 7:58:58 AM,False,1232,Accepted,
33416574,0590300,ERLANGER POLICE DEPARTMENT,Accepted,KENTON,I 0275,,I275 W,,,,,,,,,39.049009491,-84.619329812,1.477,6/21/2024 12:00:00 AM,0750,2,2,0,0,CLEAR,DRY,False,REAR END IN TRAFFIC LANES BOTH VEHICLES MOVING,REAR END,STRAIGHT & LEVEL,DAYLIGHT,,,6/22/2024 2:27:26 PM,False,165,Accepted,
33412262,0568000,LOUISVILLE METRO POLICE DEPT,Accepted,JEFFERSON,KY1065,,OUTER,LOOP,,KY0061,PRESTON,,,,,38.138452950,-85.685735660,6.108,6/21/2024 12:00:00 AM,0405,2,2,0,0,CLEAR,DRY,True,SIDESWIPE-SAME DIRECTION,SIDESWIPE-SAME DIRECTION,STRAIGHT & LEVEL,DARK-HWY LIGHTED/ON,,,6/21/2024 8:22:48 AM,False,6807,Accepted,
33411262,0560400,SHIVELY POLICE DEPARTMENT,Accepted,JEFFERSON,I 0264,,I264 W,,,,,,,,,38.196741456,-85.828397175,6.048,6/20/2024 12:00:00 AM,2105,7,7,0,3,CLEAR,DRY,True,OTHER ROADWAY OR MID-BLOCK COLLISION,REAR END,STRAIGHT & LEVEL,DUSK,,,6/21/2024 2:01:42 AM,False,7128,Accepted,
33412231,0568000,LOUISVILLE METRO POLICE DEPT,Accepted,JEFFERSON,I 0064,,I64 W,,,,,,,,,38.218113234,-85.416616045,23.746,6/20/2024 12:00:00 AM,0739,2,2,0,0,CLEAR,DRY,False,REAR END IN TRAFFIC LANES BOTH VEHICLES MOVING,REAR END,STRAIGHT & LEVEL,DAYLIGHT,,,6/21/2024 8:20:20 AM,False,7316,Accepted,
33409642,0340200,LEXINGTON POLICE DEPARTMENT,Accepted,FAYETTE,US0027,,NICHOLASVILLE,RD,,,,,ARCADIA,,CHEROKEE,38.020272455,-84.513549813,4.189,6/20/2024 12:00:00 AM,1240,2,2,0,0,CLEAR,DRY,False,SIDESWIPE COLLISION - SAME DIRECTION,SIDESWIPE-SAME DIRECTION,STRAIGHT & LEVEL,DAYLIGHT,,,6/20/2024 4:52:26 PM,False,56412,Accepted,
33414188,0250000,CLARK COUNTY SHERIFF DEPT.,Accepted,CLARK,I 0064,,I64 W,,,,,,,,,38.040843824,-84.072683974,102.225,6/20/2024 12:00:00 AM,1017,2,2,0,0,CLEAR,DRY,False,REAR END IN TRAFFIC LANES BOTH VEHICLES MOVING,REAR END,STRAIGHT & LEVEL,DAYLIGHT,,,6/21/2024 4:03:58 PM,False,608,Accepted,
33414234,0080000,BOONE COUNTY SHERIFF DEPT.,Accepted,BOONE,I 0275,,I275 W,,,I 0275,I275 W EXIT4B OFF RAMP TO KY212,,,,,39.070705258,-84.654763999,3.984,6/20/2024 12:00:00 AM,1742,2,2,0,0,CLEAR,DRY,False,OTHER INTERSECTION COLLISIONS,REAR END,STRAIGHT & LEVEL,DAYLIGHT,,,6/21/2024 4:09:53 PM,False,3713,Accepted,
33412232,0568000,LOUISVILLE METRO POLICE DEPT,Accepted,JEFFERSON,I 0064,,I64 W,,,,,,,,,38.218113234,-85.416616045,23.746,6/20/2024 12:00:00 AM,0739,3,3,0,1,CLEAR,DRY,True,OTHER ROADWAY OR MID-BLOCK COLLISION,REAR END,STRAIGHT & LEVEL,DAYLIGHT,,,6/21/2024 8:20:24 AM,True,7316,Accepted,
33407063,0568000,LOUISVILLE METRO POLICE DEPT,Accepted,JEFFERSON,,,PARK,BLVD,,,,,,,,38.192210809,-85.752484318,0.086,6/19/2024 12:00:00 AM,0749,2,2,0,0,CLOUDY,DRY,False,SIDESWIPE COLLISION - SAME DIRECTION,SIDESWIPE-SAME DIRECTION,STRAIGHT & LEVEL,DAYLIGHT,,,6/20/2024 6:46:48 AM,False,5180,Accepted,
33408489,0370200,KY STATE POLICE CVE,Accepted,LAUREL,US0025E,,CUMBERLAND GAP,PKWY,W,,,,,,,36.973699787,-84.098605158,1.247,6/19/2024 12:00:00 AM,1312,2,2,0,0,CLOUDY,DRY,True,REAR END IN TRAFFIC LANES BOTH VEHICLES MOVING,REAR END,STRAIGHT & HILLCREST,DAYLIGHT,,,6/20/2024 12:39:25 PM,False,C-335,Accepted,
33408066,1140000,WARREN COUNTY SHERIFF DEPT.,Accepted,WARREN,KY0242,,RICHPOND,RD,,,,,,,,36.895214502,-86.511277497,3.928,6/19/2024 12:00:00 AM,1110,2,2,0,0,CLEAR,DRY,False,VEHICLE BACKING NON INTERSECTION,BACKING,STRAIGHT & LEVEL,DAYLIGHT,,,6/20/2024 10:07:28 AM,False,456,Accepted,
33410645,0150000,BULLITT COUNTY SHERIFF DEPT.,Accepted,BULLITT,I 0065,111,I65 N,,,,,I 0065,I65 N EXIT112 OFF RAMP TO KY245,I 0065,I65 TURN AROUND109,37.907271459,-85.691131067,110.540,6/19/2024 12:00:00 AM,1920,3,3,0,1,CLOUDY,DRY,False,REAR END IN TRAFFIC LANES BOTH VEHICLES MOVING,REAR END,STRAIGHT & LEVEL,DAYLIGHT,,,6/20/2024 10:04:43 PM,False,1229,Accepted,
33431439,0568000,LOUISVILLE METRO POLICE DEPT,Accepted,JEFFERSON,I 0264,,I264 WB,,,,,I 0264,I264 WB EXIT8A OFF RAMP TO US31W NB,I 0264,I264 WB EXIT9 ON RAMP FROM KY1865,38.186665899,-85.796617530,8.479,6/19/2024 12:00:00 AM,2045,2,2,0,0,CLEAR,DRY,False,SIDESWIPE COLLISION - SAME DIRECTION,SIDESWIPE-SAME DIRECTION,STRAIGHT & LEVEL,DUSK,,,6/26/2024 6:59:17 AM,False,5470,Accepted,
33403800,0150200,LEBANON JUNCTION POLICE DEPT.,Accepted,BULLITT,I 0065,,I65 S,,,,,,,,,37.833610654,-85.717890561,105.131,6/19/2024 12:00:00 AM,1315,1,1,0,0,CLEAR,DRY,False,OTHER ROADWAY OR MID-BLOCK COLLISION,SINGLE VEHICLE,STRAIGHT & GRADE,DAYLIGHT,,,6/19/2024 2:35:18 PM,False,601,Accepted,
33403796,0150200,LEBANON JUNCTION POLICE DEPT.,Accepted,BULLITT,I 0065,,I65 N,,,,,,,,,37.833982783,-85.717412165,105.192,6/18/2024 12:00:00 AM,0715,1,1,0,0,CLEAR,DRY,False,COLLISION WITH FIXED OBJECT NON - INTERSECTION - FIRST EVENT COLLISION 09 - 32 EXCLUDING 16,SINGLE VEHICLE,STRAIGHT & GRADE,DAYLIGHT,,,6/19/2024 2:35:13 PM,False,601,Accepted,
33402642,1060000,SHELBY COUNTY SHERIFF DEPT.,Accepted,SHELBY,I 0064,,I64 W,,,,,,,,,38.206593578,-85.339719039,28.008,6/18/2024 12:00:00 AM,1637,2,2,0,0,CLOUDY,DRY,False,REAR END IN TRAFFIC LANES BOTH VEHICLES MOVING,REAR END,STRAIGHT & LEVEL,DAYLIGHT,,,6/19/2024 9:02:00 AM,False,10,Accepted,
33401801,0560400,SHIVELY POLICE DEPARTMENT,Accepted,JEFFERSON,US0031W,3100BLK,DIXIE,HWY,,,,,,,,38.204045142,-85.800259107,16.257,6/18/2024 12:00:00 AM,1303,2,2,0,0,CLOUDY,DRY,False,SIDESWIPE COLLISION - SAME DIRECTION,SIDESWIPE-SAME DIRECTION,STRAIGHT & LEVEL,DAYLIGHT,,,6/19/2024 1:38:14 AM,False,7134,Accepted,
33399873,0100100,ASHLAND POLICE DEPARTMENT,Accepted,BOYD,,,BEECH,ST,,,,,WOODLAWN,,FLOYD,38.456862939,-82.659535861,0.452,6/18/2024 12:00:00 AM,1315,2,1,0,0,CLEAR,DRY,False,COLLISION WITH PEDESTRIAN NON - INTERSECTION,SINGLE VEHICLE,STRAIGHT & LEVEL,DAYLIGHT,,,6/18/2024 3:38:22 PM,False,1130,Accepted,
33404536,0930400,OLDHAM COUNTY POLICE DEPT.,Accepted,OLDHAM,I 0071,,I71 S,,,,,I 0071,I71 S REST AREA13 OFF RAMP,I 0071,I71 S REST AREA13 ON RAMP,38.338771908,-85.519372407,12.913,6/18/2024 12:00:00 AM,0921,3,3,0,0,CLOUDY,DRY,False,REAR END IN TRAFFIC LANES BOTH VEHICLES MOVING,REAR END,STRAIGHT & GRADE,DAYLIGHT,,,6/19/2024 5:24:47 PM,False,3105,Accepted,
33397552,0568000,LOUISVILLE METRO POLICE DEPT,Accepted,JEFFERSON,I 0064,,I64 E,,,,,,,,,38.217876571,-85.417685668,23.691,6/17/2024 12:00:00 AM,0840,2,2,0,0,CLOUDY,DRY,False,SIDESWIPE COLLISION - SAME DIRECTION,SIDESWIPE-SAME DIRECTION,STRAIGHT & LEVEL,DAYLIGHT,,,6/18/2024 7:06:40 AM,False,7316,Accepted,
33408674,0340200,LEXINGTON POLICE DEPARTMENT,Accepted,FAYETTE,I 0075,,I75 SB,,,,,I 0075,I75 SB EXIT113 ON RAMP FROM US27,I 0064,I75 SB EXIT111 RAMP TO I64 EB,38.061452538,-84.437961568,111.517,6/17/2024 12:00:00 AM,1430,2,2,0,0,CLEAR,DRY,False,OTHER ROADWAY OR MID-BLOCK COLLISION,REAR END,STRAIGHT & LEVEL,DAYLIGHT,,,6/20/2024 1:41:00 PM,False,57922,Accepted,
33408672,0340200,LEXINGTON POLICE DEPARTMENT,Accepted,FAYETTE,I 0075,,I75 SB,,,,,I 0075,I75 SB EXIT113 ON RAMP FROM US27,I 0064,I75 SB EXIT111 RAMP TO I64 EB,38.062487769,-84.439594401,111.629,6/17/2024 12:00:00 AM,1430,1,1,0,0,CLEAR,DRY,False,OTHER COLLISIONS ON SHOULDER,SINGLE VEHICLE,STRAIGHT & LEVEL,DAYLIGHT,,,6/20/2024 1:40:55 PM,False,57922,Accepted,
33398363,0900100,BARDSTOWN POLICE DEPARTMENT,Accepted,NELSON,US0062,,STEPHEN FOSTER,AVE,W,US0031E,CATHEDRAL,,,,,37.810073445,-85.471625003,14.273,6/17/2024 12:00:00 AM,1226,2,2,0,0,CLEAR,DRY,False,SIDESWIPE COLLISION - SAME DIRECTION,SIDESWIPE-SAME DIRECTION,CURVE & LEVEL,DAYLIGHT,,,6/18/2024 10:13:10 AM,False,2907,Accepted,
33395779,0570100,NICHOLASVILLE POLICE DEPT.,Accepted,JESSAMINE,US0027,,NICHOLASVILLE,BYP,,,,US0027X,MAIN,US0027,US27,37.855087929,-84.587987464,6.249,6/17/2024 12:00:00 AM,0825,2,2,0,0,CLEAR,DRY,False,SIDESWIPE COLLISION - SAME DIRECTION,SIDESWIPE-SAME DIRECTION,CURVE & HILLCREST,DAYLIGHT,,,6/17/2024 6:06:48 PM,False,543,Accepted,
33398679,0470000,HARDIN COUNTY SHERIFF DEPT.,Accepted,HARDIN,I 0065,,I65 N,,,,,,,,,37.597366997,-85.868253210,85.772,6/16/2024 12:00:00 AM,1236,2,2,0,0,CLEAR,DRY,False,SIDESWIPE COLLISION - SAME DIRECTION,SIDESWIPE-SAME DIRECTION,STRAIGHT & LEVEL,DAYLIGHT,,,6/18/2024 11:23:52 AM,False,954,Accepted,
33394938,0150000,BULLITT COUNTY SHERIFF DEPT.,Accepted,BULLITT,I 0065,110,I65 NB,,,I 0065,I65 TURN AROUND109,,,,,37.906009093,-85.692154213,110.437,6/16/2024 12:00:00 AM,1329,2,2,0,0,CLEAR,DRY,True,OTHER INTERSECTION COLLISIONS,REAR END,STRAIGHT & LEVEL,DAYLIGHT,,,6/17/2024 2:54:22 PM,False,1031,Accepted,
33392809,0568000,LOUISVILLE METRO POLICE DEPT,Accepted,JEFFERSON,I 0064,,I64 W,,,I 0064,I265 N EXIT25B RAMP TO I64 W,,,,,38.222830890,-85.505276291,18.943,6/15/2024 12:00:00 AM,1658,2,2,0,0,CLEAR,DRY,False,OTHER INTERSECTION COLLISIONS,REAR END,STRAIGHT & LEVEL,DAYLIGHT,,,6/17/2024 7:50:36 AM,False,2109,Accepted,
33393260,1060000,SHELBY COUNTY SHERIFF DEPT.,Accepted,SHELBY,I 0064,,I64 E,,,,,,,,,38.211667895,-85.372720882,26.175,6/15/2024 12:00:00 AM,1458,2,2,0,0,CLEAR,DRY,False,REAR END IN TRAFFIC LANES BOTH VEHICLES MOVING,REAR END,STRAIGHT & GRADE,DAYLIGHT,,,6/17/2024 9:16:28 AM,False,41,Accepted,
33400800,0340200,LEXINGTON POLICE DEPARTMENT,Accepted,FAYETTE,US0068,,HARRODSBURG,RD,,,,,WELLINGTON,US0068,US68 CROSSOVER,38.004481072,-84.567620539,1.950,6/14/2024 12:00:00 AM,1119,3,3,0,0,CLEAR,DRY,False,OTHER ROADWAY OR MID-BLOCK COLLISION,REAR END,STRAIGHT & LEVEL,DAYLIGHT,,,6/18/2024 7:22:18 PM,False,56413,Accepted,
33400799,0340200,LEXINGTON POLICE DEPARTMENT,Accepted,FAYETTE,,717,BROADWAY,,N,,,,,,,38.058861857,-84.486177051,0.000,6/14/2024 12:00:00 AM,0941,2,2,0,0,CLOUDY,DRY,False,COLLISION IN PARKING LOT,ANGLE,STRAIGHT & LEVEL,DAYLIGHT,,,6/18/2024 7:22:14 PM,False,59791,Accepted,
33392743,0568000,LOUISVILLE METRO POLICE DEPT,Accepted,JEFFERSON,I 0265,,I265 S,,,,,I 0064,I265 S EXIT25B RAMP TO I64 W,I 0265,I265 S EXIT27 ON RAMP FROM US60,38.232313389,-85.504781952,26.109,6/14/2024 12:00:00 AM,1335,2,2,0,0,CLEAR,DRY,False,1 VEHICLE ENTERING/LEAVING ENTRANCE,ANGLE,STRAIGHT & LEVEL,DAYLIGHT,,,6/17/2024 7:46:31 AM,False,2109,Accepted,
33408363,0890000,MUHLENBERG CO SHERIFF DEPT,Accepted,MUHLENBERG,KY0601,,KY601,,,,,,,,,37.241654671,-87.231105711,2.743,6/14/2024 12:00:00 AM,1412,2,2,0,0,CLEAR,DRY,False,1 VEHICLE ENTERING/LEAVING ENTRANCE,ANGLE,STRAIGHT & LEVEL,DAYLIGHT,,,6/20/2024 11:53:07 AM,False,1513,Accepted,
33431421,0568000,LOUISVILLE METRO POLICE DEPT,Accepted,JEFFERSON,I 0265,,I265 SB,,,,,,,,,38.238780531,-85.504258435,26.559,6/14/2024 12:00:00 AM,1554,2,2,0,0,CLEAR,DRY,False,REAR END IN TRAFFIC LANES BOTH VEHICLES MOVING,REAR END,STRAIGHT & LEVEL,DAYLIGHT,,,6/26/2024 6:57:45 AM,False,8410,Accepted,
33392731,0568000,LOUISVILLE METRO POLICE DEPT,Accepted,JEFFERSON,I 0265,,,,,,,,,,,38.295646150,-85.546553815,0.293,6/14/2024 12:00:00 AM,1159,2,2,0,0,CLEAR,DRY,False,OTHER RAMP RELATED COLLISIONS NOT LISTED ABOVE,REAR END,CURVE & LEVEL,DAYLIGHT,KY1447,I 0265,6/17/2024 7:45:38 AM,False,7369,Accepted,
33389875,KSP1400,KY STATE POLICE POST 14,Accepted,CARTER,I 0064,,I64 E,,,,,,,,,38.327812896,-83.039603768,165.875,6/14/2024 12:00:00 AM,0500,1,1,0,0,CLEAR,DRY,False,COLLISION WITH FIXED OBJECT NON - INTERSECTION - FIRST EVENT COLLISION 09 - 32 EXCLUDING 16,SINGLE VEHICLE,CURVE & LEVEL,DARK-HWY NOT LIGHTED,,,6/16/2024 10:27:10 AM,False,400,Accepted,
33426246,0830000,MENIFEE COUNTY SHERIFF DEPT.,Accepted,MENIFEE,US0460,,US460,,W,,,,,,,37.958371745,-83.667692197,6.220,6/13/2024 12:00:00 AM,0819,2,1,0,0,CLOUDY,DRY,False,OTHER ROADWAY OR MID-BLOCK COLLISION,REAR END,STRAIGHT & GRADE,DAYLIGHT,,,6/25/2024 3:05:04 AM,False,303,Accepted,
33393198,0561500,UNIV. OF LOUISVILLE POLICE,Accepted,JEFFERSON,,2026,UNITY,PL,,,,,,,,38.218144437,-85.761994518,0.049,6/13/2024 12:00:00 AM,0420,1,1,0,0,CLEAR,DRY,True,COLLISION WITH FIXED OBJECT NON - INTERSECTION - FIRST EVENT COLLISION 09 - 32 EXCLUDING 16,SINGLE VEHICLE,STRAIGHT & LEVEL,DARK-HWY LIGHTED/ON,,,6/17/2024 9:06:48 AM,False,5709,Accepted,
33383699,0150200,LEBANON JUNCTION POLICE DEPT.,Accepted,BULLITT,I 0065,,I65 S,,,,,,,,,37.856437586,-85.708847919,106.808,6/13/2024 12:00:00 AM,1045,2,2,0,0,CLEAR,DRY,False,REAR END IN TRAFFIC LANES BOTH VEHICLES MOVING,REAR END,STRAIGHT & LEVEL,DAYLIGHT,,,6/14/2024 12:13:36 PM,False,601,Accepted,
33387354,0080000,BOONE COUNTY SHERIFF DEPT.,Accepted,BOONE,I 0075,,I75 S,,,,,,,,,38.841278800,-84.617097883,170.105,6/13/2024 12:00:00 AM,1828,2,2,0,1,CLEAR,DRY,False,REAR END IN TRAFFIC LANES BOTH VEHICLES MOVING,REAR END,STRAIGHT & LEVEL,DAYLIGHT,,,6/15/2024 3:05:32 PM,False,3209,Accepted,
33392712,0568000,LOUISVILLE METRO POLICE DEPT,Accepted,JEFFERSON,I 0064,,I64 WB,,,,,,,,,38.223143804,-85.514474470,18.441,6/13/2024 12:00:00 AM,1848,4,4,0,7,CLEAR,DRY,False,REAR END IN TRAFFIC LANES BOTH VEHICLES MOVING,REAR END,STRAIGHT & LEVEL,DAYLIGHT,,,6/17/2024 7:44:27 AM,False,5564,Accepted,
33380030,0730100,PADUCAH POLICE DEPARTMENT,Accepted,MCCRACKEN,US0045,,US45,,,,IROQUOIS,,,,,37.045835342,-88.655820600,7.561,6/13/2024 12:00:00 AM,1254,2,2,0,0,CLEAR,DRY,False,ANGLE COLLISION - ONE VEHICLE TURNING LEFT,ANGLE,STRAIGHT & LEVEL,DAYLIGHT,,,6/13/2024 4:20:28 PM,False,401,Accepted,
33381982,0150100,SHEPHERDSVILLE POLICE DEPT.,Accepted,BULLITT,KY0480,,CEDAR GROVE,RD,,KY6318,BUFFALO RUN,,,,,37.978641229,-85.693313713,1.165,6/13/2024 12:00:00 AM,1510,2,2,0,0,CLEAR,DRY,False,REAR END - ONE VEHICLE TURNING RIGHT,REAR END,STRAIGHT & LEVEL,DAYLIGHT,,,6/14/2024 5:14:26 AM,False,076,Accepted,
33378705,0150100,SHEPHERDSVILLE POLICE DEPT.,Accepted,BULLITT,KY0480,,CEDAR GROVE,RD,,,,I 0065,I65 N EXIT116 ON RAMP FROM KY480 E,I 0065,I65 S EXIT116 ON RAMP FROM KY480 W,37.978599630,-85.695756442,1.046,6/13/2024 12:00:00 AM,0700,3,3,0,0,CLEAR,DRY,False,OTHER ROADWAY OR MID-BLOCK COLLISION,REAR END,STRAIGHT & LEVEL,DAYLIGHT,,,6/13/2024 10:20:27 AM,False,076,Accepted,
33384635,0340200,LEXINGTON POLICE DEPARTMENT,Accepted,FAYETTE,US0068,,HARRODSBURG,RD,,,,,FORT HARRODS,,CAVE HILL,38.008428781,-84.563042043,2.318,6/13/2024 12:00:00 AM,1320,2,2,0,0,CLEAR,DRY,False,OTHER ROADWAY OR MID-BLOCK COLLISION,REAR END,STRAIGHT & LEVEL,DAYLIGHT,,,6/14/2024 4:10:16 PM,False,56412,Accepted,
33382625,0510100,HENDERSON POLICE DEPARTMENT,Accepted,HENDERSON,,,US HWY 41,,,,,,,,,37.850090289,-87.567422862,,6/13/2024 12:00:00 AM,1110,2,2,0,0,CLEAR,DRY,False,SIDESWIPE COLLISION - SAME DIRECTION,SIDESWIPE-SAME DIRECTION,STRAIGHT & LEVEL,DAYLIGHT,,,6/14/2024 7:50:14 AM,False,82,Accepted,
33377951,0568000,LOUISVILLE METRO POLICE DEPT,Accepted,JEFFERSON,KY1065,,OUTER,LOOP,,,,,,,,38.136295993,-85.700554676,5.272,6/12/2024 12:00:00 AM,1100,2,2,0,0,CLEAR,DRY,False,SIDESWIPE COLLISION - OPPOSITE DIRECTION,SIDESWIPE-OPPOSITE DIRECTION,STRAIGHT & LEVEL,DAYLIGHT,,,6/13/2024 6:41:23 AM,False,5410,Accepted,
33378546,0630100,LONDON POLICE DEPARTMENT,Accepted,LAUREL,KY0192,,KY192,,W,,,,,,,37.110630499,-84.091818959,18.853,6/12/2024 12:00:00 AM,1213,2,2,0,0,CLEAR,DRY,False,1 VEHICLE ENTERING/LEAVING ENTRANCE,ANGLE,STRAIGHT & LEVEL,DAYLIGHT,,,6/13/2024 9:16:55 AM,False,3172,Accepted,